{
  "oauthScopes": [
    "https://www.googleapis.com/auth/spreadsheets",
    "https://www.googleapis.com/auth/script.external_request",
    "https://www.googleapis.com/auth/cloud-platform",
    "https://www.googleapis.com/auth/gmail.settings.basic",
    "https://www.googleapis.com/auth/gmail.modify",
    "https://www.googleapis.com/auth/forms",
    "https://www.googleapis.com/auth/script.scriptapp",
    "https://www.googleapis.com/auth/script.container.ui"
  ],
  "timeZone": "America/Chicago",
  "exceptionLogging": "STACKDRIVER",
  "runtimeVersion": "V8",
  "dependencies": {
    "enabledAdvancedServices": [
      {
        "userSymbol": "Sheets",
        "serviceId": "sheets",
        "version": "v4"
      }
    ],
    "libraries": [
      {
        "userSymbol": "OAuth2",
        "version": "43",
        "libraryId": "1B7FSrk5Zi6L1rSxxTDgDEUsPzlukDsi4KGuTMorsTQHhGBzBkMun4iDF"
      }
    ]
  },
  "webapp": {
    "executeAs": "USER_DEPLOYING",
    "access": "ANYONE_ANONYMOUS"
  }
}